{
  "bookings": [
    {
      "id": "e418",
      "flightDetails": {
        "flightNumber": "9016",
        "origin": "Berlin Brandenburg Airport",
        "destination": "Helsinki-vantaa",
        "date": "2024-11-08"
      },
      "passengerInfo": {
        "name": "deepak",
        "contact": "313121313",
        "email": "deepak@wqqw"
      },
      "userId": "lqKw2RvXKtXJNGu6J06qd1HTTZ83"
    },
    {
      "id": "3b24",
      "flightDetails": {
        "flightNumber": "9016",
        "origin": "Berlin Brandenburg Airport",
        "destination": "Helsinki-vantaa",
        "date": "2024-11-08"
      },
      "passengerInfo": {
        "name": "kama",
        "contact": "dq",
        "email": "dqdq"
      },
      "userId": "lqKw2RvXKtXJNGu6J06qd1HTTZ83"
    },
    {
      "id": "eb36",
      "flightDetails": {
        "flightNumber": "1432",
        "origin": "Berlin Brandenburg Airport",
        "destination": "Helsinki-vantaa",
        "date": "2024-11-08"
      },
      "passengerInfo": {
        "name": "kkkkkkkpppp",
        "contact": "222222",
        "email": "1111111"
      },
      "userId": "lqKw2RvXKtXJNGu6J06qd1HTTZ83"
    },
    {
      "id": "7dee",
      "userId": "lqKw2RvXKtXJNGu6J06qd1HTTZ83",
      "flightDetails": {
        "flightNumber": "1432",
        "origin": "Berlin Brandenburg Airport",
        "destination": "Helsinki-vantaa",
        "date": "2024-11-08"
      },
      "passengerInfo": {
        "name": "oyyy",
        "contact": "122121",
        "email": "2121212"
      }
    },
    {
      "id": "bdf0",
      "userId": "lqKw2RvXKtXJNGu6J06qd1HTTZ83",
      "flightDetails": {
        "flightNumber": "9016",
        "origin": "Berlin Brandenburg Airport",
        "destination": "Helsinki-vantaa",
        "date": "2024-11-08"
      },
      "passengerInfo": {
        "name": "qwqwq",
        "contact": "wqwqw",
        "email": "wwqwq"
      }
    },
    {
      "id": "8bd4",
      "flightDetails": {
        "flightNumber": "9016",
        "origin": "Berlin Brandenburg Airport",
        "destination": "Helsinki-vantaa",
        "date": "2024-11-08"
      },
      "passengerInfo": {
        "name": "amaan",
        "contact": "21212",
        "email": "2121dq"
      },
      "userId": "lqKw2RvXKtXJNGu6J06qd1HTTZ83"
    },
    {
      "id": "b694",
      "flightDetails": {
        "flightNumber": "9016",
        "origin": "Berlin Brandenburg Airport",
        "destination": "Helsinki-vantaa",
        "date": "2024-11-08"
      },
      "passengerInfo": {
        "name": "amaan",
        "contact": "21212",
        "email": "2121dq"
      },
      "userId": "lqKw2RvXKtXJNGu6J06qd1HTTZ83"
    },
    {
      "id": "bc47",
      "flightDetails": {
        "flightNumber": "9016",
        "origin": "Berlin Brandenburg Airport",
        "destination": "Helsinki-vantaa",
        "date": "2024-11-08"
      },
      "passengerInfo": {
        "name": "amaan",
        "contact": "21212",
        "email": "2121dq"
      },
      "userId": "lqKw2RvXKtXJNGu6J06qd1HTTZ83"
    },
    {
      "id": "36b7",
      "userId": "lqKw2RvXKtXJNGu6J06qd1HTTZ83",
      "flightDetails": {
        "flightNumber": "9016",
        "origin": "Berlin Brandenburg Airport",
        "destination": "Helsinki-vantaa",
        "date": "2024-11-08"
      },
      "passengerInfo": {
        "name": "amaan",
        "contact": "21212",
        "email": "2121dq"
      }
    },
    {
      "id": "19fc",
      "userId": "lqKw2RvXKtXJNGu6J06qd1HTTZ83",
      "flightDetails": {
        "flightNumber": "9016",
        "origin": "Berlin Brandenburg Airport",
        "destination": "Helsinki-vantaa",
        "date": "2024-11-08"
      },
      "passengerInfo": {
        "name": "",
        "contact": "",
        "email": ""
      }
    },
    {
      "id": "927c",
      "userId": "lqKw2RvXKtXJNGu6J06qd1HTTZ83",
      "flightDetails": {
        "flightNumber": "9016",
        "origin": "Berlin Brandenburg Airport",
        "destination": "Helsinki-vantaa",
        "date": "2024-11-08"
      },
      "passengerInfo": {
        "name": "dqqdqdq",
        "contact": "212121",
        "email": "qsqqwqw"
      }
    }
  ]
}